,Ethnicity,Name
2108,HISPANIC,romy
1980,AFRICAN,oumou
1005,HISPANIC,hanna
2056,HISPANIC,reagan
1846,HISPANIC,moishe
1037,HISPANIC,heidy
2499,HISPANIC,yona
1710,HISPANIC,mario
1909,HISPANIC,nechama
1419,ASIAN,kazi
2137,HISPANIC,sabrina
871,HISPANIC,eyad
1320,ASIAN,joyce
1683,AFRICAN,mamadou
2127,HISPANIC,russell
989,HISPANIC,hadassa
1993,HISPANIC,parker
726,ASIAN,eason
1775,HISPANIC,melissa
17,ASIAN,abdullah
1115,HISPANIC,ivanna
528,HISPANIC,carmen
551,HISPANIC,celia
2180,HISPANIC,sari
539,HISPANIC,cassidy
924,HISPANIC,gabriel
260,ASIAN,anika
2352,HISPANIC,thea
904,HISPANIC,fishel
335,HISPANIC,aryeh
774,HISPANIC,eliot
1504,HISPANIC,laura
108,HISPANIC,alessandra
450,HISPANIC,brandon
2021,HISPANIC,pinchas
2024,HISPANIC,polina
721,AFRICAN,dwayne
296,ASIAN,arham
1319,ASIAN,joy
641,AFRICAN,dakota
1129,ASIAN,jacky
1910,AFRICAN,nehemiah
575,HISPANIC,chavy
1054,AFRICAN,hope
1586,HISPANIC,liora
403,HISPANIC,aziza
910,HISPANIC,francesco
1212,AFRICAN,jayda
2143,ASIAN,saifan
1546,HISPANIC,leonidas
1798,HISPANIC,michaela
1180,ASIAN,jannat
1040,HISPANIC,helena
608,HISPANIC,claudia
838,ASIAN,eshaal
1906,HISPANIC,nathaniel
2505,HISPANIC,youssef
1942,HISPANIC,noel
274,HISPANIC,annabelle
2124,HISPANIC,ruby
1553,HISPANIC,levi
1263,HISPANIC,jesus
224,HISPANIC,anais
928,HISPANIC,gabriella
438,HISPANIC,bodhi
1302,HISPANIC,josef
2090,HISPANIC,rivky
2046,HISPANIC,raizy
2008,HISPANIC,perla
1685,ASIAN,manha
1070,HISPANIC,iker
734,ASIAN,edison
10,ASIAN,abby
220,HISPANIC,anabella
1096,AFRICAN,isaiah
1989,HISPANIC,paola
556,AFRICAN,chad
55,HISPANIC,adrianna
66,HISPANIC,ahuva
1611,HISPANIC,luca
955,HISPANIC,gianna
2261,HISPANIC,siena
1089,HISPANIC,isabela
2039,HISPANIC,quinn
824,HISPANIC,enrique
737,HISPANIC,eduardo
1507,HISPANIC,lauren
86,HISPANIC,alaina
1808,HISPANIC,mikayla
2220,HISPANIC,shalom
2494,HISPANIC,yitty
2551,ASIAN,zoya
41,HISPANIC,adelyn
1749,HISPANIC,maximo
1471,AFRICAN,kori
2278,AFRICAN,skylar
900,HISPANIC,finley
408,HISPANIC,basya
629,HISPANIC,cristofer
217,HISPANIC,amy
33,HISPANIC,adam
2520,ASIAN,zain
1709,HISPANIC,marina
159,HISPANIC,allyson
2217,HISPANIC,shaina
976,HISPANIC,graham
2511,AFRICAN,zachariah
404,HISPANIC,baila
2242,AFRICAN,shiloh
2272,AFRICAN,sky
1110,HISPANIC,israel
1699,HISPANIC,maria
1582,ASIAN,linda
107,HISPANIC,aleksandra
1882,AFRICAN,nana
725,HISPANIC,ean
2214,HISPANIC,sergio
1698,HISPANIC,margot
1723,HISPANIC,mary
1172,AFRICAN,janae
766,HISPANIC,elias
1573,HISPANIC,lilliana
1880,AFRICAN,nala
841,HISPANIC,esme
1805,ASIAN,mikael
1744,HISPANIC,max
1338,HISPANIC,julien
2224,AFRICAN,shaniya
199,HISPANIC,amelia
651,HISPANIC,dana
909,HISPANIC,francesca
1487,AFRICAN,kymani
1116,ASIAN,ivy
76,HISPANIC,aimee
815,HISPANIC,emily
793,HISPANIC,elliott
2311,HISPANIC,steven
223,HISPANIC,anahi
2266,HISPANIC,simcha
1106,HISPANIC,isla
869,HISPANIC,everly
1041,HISPANIC,henchy
1969,HISPANIC,omar
1979,AFRICAN,oumar
918,HISPANIC,freida
1680,AFRICAN,maliyah
592,HISPANIC,christian
2552,AFRICAN,zuri
898,ASIAN,feynman
2212,AFRICAN,serenity
95,HISPANIC,alayna
104,HISPANIC,alejandra
1914,AFRICAN,nevaeh
1533,HISPANIC,lena
219,HISPANIC,anabel
1010,ASIAN,hareem
389,AFRICAN,ayanna
1204,HISPANIC,jaxson
1565,HISPANIC,lila
436,HISPANIC,blima
2394,HISPANIC,umar
1878,HISPANIC,naftuli
1076,ASIAN,inaaya
65,HISPANIC,ahron
2260,HISPANIC,sidney
1188,HISPANIC,jaslene
1424,AFRICAN,keith
1819,HISPANIC,milena
27,AFRICAN,abrielle
1531,HISPANIC,leilany
1135,HISPANIC,jad
16,ASIAN,abdul
455,HISPANIC,breindy
1158,AFRICAN,jaliyah
2414,HISPANIC,victoria
145,HISPANIC,alisa
636,ASIAN,cyrus
2368,HISPANIC,timur
442,ASIAN,bowen
1265,HISPANIC,jimena
293,HISPANIC,archer
702,HISPANIC,diana
2077,HISPANIC,richard
350,HISPANIC,athena
613,HISPANIC,cole
939,HISPANIC,genesis
1243,HISPANIC,jenna
331,ASIAN,arya
2013,AFRICAN,peyton
1470,AFRICAN,kiyan
2337,AFRICAN,taraji
1125,HISPANIC,jack
1705,AFRICAN,mariama
1185,HISPANIC,jariel
164,ASIAN,alston
1874,HISPANIC,nachman
427,HISPANIC,berl
1786,AFRICAN,messiah
625,AFRICAN,corey
2248,HISPANIC,shloimy
2250,HISPANIC,shlome
1879,AFRICAN,nahla
362,HISPANIC,aurora
225,HISPANIC,analia
297,HISPANIC,ari
1432,HISPANIC,kendrick
2273,AFRICAN,skye
1895,HISPANIC,natasha
2427,HISPANIC,viviana
2373,ASIAN,tony
2459,HISPANIC,yadiel
1111,HISPANIC,issac
1569,HISPANIC,liliana
109,HISPANIC,alessandro
1718,HISPANIC,marlowe
655,HISPANIC,daniela
1600,AFRICAN,london
262,HISPANIC,anisa
2527,AFRICAN,zane
1113,ASIAN,ivan
1337,HISPANIC,julie
2100,HISPANIC,roger
1936,HISPANIC,noach
1353,HISPANIC,justin
810,HISPANIC,emilia
2477,HISPANIC,yasmine
2245,ASIAN,shirley
2291,HISPANIC,sophia
189,HISPANIC,amayah
801,ASIAN,elvis
1788,HISPANIC,meyer
1395,HISPANIC,katelyn
808,HISPANIC,emerson
2550,HISPANIC,zoey
1881,AFRICAN,nalani
642,HISPANIC,daleyza
707,ASIAN,diya
2218,HISPANIC,shaindel
1732,HISPANIC,mathew
1365,AFRICAN,kaiden
679,HISPANIC,declan
1608,HISPANIC,louisa
1560,HISPANIC,lian
2255,HISPANIC,sholom
865,HISPANIC,evelina
1959,AFRICAN,nylah
1837,AFRICAN,mohamed
2391,HISPANIC,tzippy
375,HISPANIC,aviel
155,ASIAN,allen
2030,AFRICAN,prince
1345,ASIAN,jun
241,HISPANIC,andrew
99,HISPANIC,aldo
1593,HISPANIC,liz
1902,AFRICAN,nathanael
1706,HISPANIC,mariana
1524,HISPANIC,leia
1550,HISPANIC,lesly
57,ASIAN,adyan
196,HISPANIC,ameer
2018,AFRICAN,phoenix
2148,HISPANIC,sam
1769,AFRICAN,mekhi
917,HISPANIC,frederick
1602,AFRICAN,londyn
977,HISPANIC,grant
806,HISPANIC,emanuel
440,HISPANIC,boruch
1239,HISPANIC,jeffrey
1013,AFRICAN,harmony
868,HISPANIC,everett
2454,HISPANIC,xavier
491,AFRICAN,bryce
1773,HISPANIC,melany
936,HISPANIC,gavriel
736,HISPANIC,edith
2344,HISPANIC,tehila
81,AFRICAN,aissatou
1274,HISPANIC,joel
764,HISPANIC,elianny
1663,AFRICAN,makai
1742,HISPANIC,mauricio
322,ASIAN,armaan
73,HISPANIC,aiden
381,HISPANIC,avrohom
1099,HISPANIC,isaias
1208,HISPANIC,jayce
667,AFRICAN,darius
1298,AFRICAN,jordyn
1359,AFRICAN,kadiatou
510,HISPANIC,calvin
1146,HISPANIC,jaelynn
313,HISPANIC,ariela
864,HISPANIC,eve
1448,HISPANIC,khaleesi
1002,ASIAN,haniya
106,HISPANIC,aleksander
270,HISPANIC,annabel
325,HISPANIC,armani
1707,HISPANIC,marielle
2470,HISPANIC,yara
1877,HISPANIC,naftali
2251,HISPANIC,shlomo
1926,HISPANIC,nicole
1822,HISPANIC,miles
1190,HISPANIC,jasmina
1202,HISPANIC,jaxon
1621,HISPANIC,lucy
2095,HISPANIC,roberto
1073,AFRICAN,imani
1891,HISPANIC,natalia
247,ASIAN,angela
935,HISPANIC,gavin
1605,HISPANIC,lorenzo
705,HISPANIC,dillon
1347,HISPANIC,junior
2126,HISPANIC,ruchy
596,ASIAN,christine
589,HISPANIC,chris
873,HISPANIC,ezekiel
414,HISPANIC,belen
1433,AFRICAN,kennedy
638,HISPANIC,dahlia
82,ASIAN,aiza
811,HISPANIC,emiliano
264,AFRICAN,aniya
9,ASIAN,aayan
1052,HISPANIC,hindy
456,HISPANIC,brenda
1174,AFRICAN,janelle
527,HISPANIC,carmelo
153,HISPANIC,aliza
700,HISPANIC,devorah
2498,HISPANIC,yoel
2023,HISPANIC,piper
644,AFRICAN,dallas
469,HISPANIC,briella
2401,HISPANIC,valerie
854,HISPANIC,ethan
878,HISPANIC,fabian
2485,HISPANIC,yerik
1489,AFRICAN,kyrie
480,HISPANIC,brooks
744,AFRICAN,egypt
1745,HISPANIC,maxim
1494,AFRICAN,lailah
1627,HISPANIC,luke
840,ASIAN,eshan
2094,HISPANIC,robert
650,ASIAN,damon
2468,HISPANIC,yaniel
105,HISPANIC,alejandro
2120,AFRICAN,royal
557,HISPANIC,chaim
718,HISPANIC,drew
361,HISPANIC,augustus
558,HISPANIC,chana
2071,HISPANIC,reuven
969,HISPANIC,golda
1477,HISPANIC,krystal
1369,HISPANIC,kailyn
1835,HISPANIC,miriam
2001,HISPANIC,pearl
2396,HISPANIC,usher
1862,ASIAN,muhammad
1248,HISPANIC,jeremiah
937,HISPANIC,gemma
1668,HISPANIC,maksim
2247,HISPANIC,shloime
2288,HISPANIC,sonia
290,ASIAN,anya
2297,HISPANIC,stacy
621,HISPANIC,connor
1652,ASIAN,maggie
1784,HISPANIC,menucha
2346,AFRICAN,terrell
614,HISPANIC,colette
1999,HISPANIC,paula
2324,ASIAN,syeda
2451,HISPANIC,xander
1567,HISPANIC,lilia
2208,ASIAN,selina
285,HISPANIC,anton
2170,HISPANIC,santiago
2152,HISPANIC,samantha
2181,AFRICAN,sariah
1676,ASIAN,maliha
1322,HISPANIC,joziah
797,ASIAN,elsa
2350,HISPANIC,tess
148,HISPANIC,alissa
2066,HISPANIC,reizy
670,HISPANIC,darwin
1996,HISPANIC,patrick
600,ASIAN,christy
1740,HISPANIC,matthias
2257,HISPANIC,shraga
1155,HISPANIC,jake
2000,AFRICAN,payton
1660,HISPANIC,maison
520,HISPANIC,camilo
1873,ASIAN,nabiha
1897,HISPANIC,nathalie
1342,HISPANIC,julissa
2532,AFRICAN,zaria
1232,HISPANIC,jazmin
1888,HISPANIC,nashley
863,HISPANIC,evangeline
1852,HISPANIC,mordechai
1385,HISPANIC,karen
2487,HISPANIC,yeshaya
2398,HISPANIC,valentino
1440,AFRICAN,kenya
983,HISPANIC,greta
193,HISPANIC,amber
2502,HISPANIC,yosef
1845,HISPANIC,moises
133,HISPANIC,ali
238,HISPANIC,andres
2254,HISPANIC,shneur
1966,HISPANIC,olivia
45,HISPANIC,adiel
1474,AFRICAN,kristen
2460,HISPANIC,yael
1783,HISPANIC,mendy
859,HISPANIC,eva
188,HISPANIC,amaya
2304,HISPANIC,stephanie
1974,HISPANIC,orlando
1739,HISPANIC,matthew
489,HISPANIC,bryanna
1619,HISPANIC,lucille
1641,HISPANIC,madeline
839,ASIAN,eshal
2176,HISPANIC,sarah
1166,HISPANIC,james
1623,HISPANIC,luka
208,AFRICAN,amira
754,HISPANIC,eleni
2471,HISPANIC,yaretzi
2440,HISPANIC,willow
1286,HISPANIC,jonael
1984,HISPANIC,owen
1429,HISPANIC,kelvin
1032,HISPANIC,hazel
2436,HISPANIC,willa
1148,HISPANIC,jahir
925,HISPANIC,gabriela
563,HISPANIC,chany
2042,HISPANIC,rachel
791,HISPANIC,ellie
834,HISPANIC,erika
326,HISPANIC,aron
906,HISPANIC,frady
583,HISPANIC,chiara
405,HISPANIC,bailey
1463,AFRICAN,king
431,HISPANIC,binyamin
366,AFRICAN,autumn
905,HISPANIC,fradel
671,HISPANIC,dashiell
1763,ASIAN,meera
1672,AFRICAN,malcolm
944,HISPANIC,georgia
2488,HISPANIC,yida
543,HISPANIC,catherine
1080,ASIAN,irene
2348,ASIAN,terrence
966,HISPANIC,giulia
2439,HISPANIC,william
1389,AFRICAN,karter
2193,HISPANIC,sawyer
154,HISPANIC,allan
688,HISPANIC,derek
413,HISPANIC,beckett
1449,AFRICAN,khalil
1859,AFRICAN,mouhamed
2473,HISPANIC,yaritza
748,ASIAN,elaine
169,HISPANIC,alyson
1277,HISPANIC,johanna
2372,HISPANIC,tomas
2139,HISPANIC,sadie
1802,HISPANIC,michelle
2406,HISPANIC,veronica
991,HISPANIC,hadley
28,HISPANIC,abril
1901,HISPANIC,nathan
1220,HISPANIC,jaylee
271,HISPANIC,annabella
1275,HISPANIC,johan
1894,HISPANIC,nataly
626,HISPANIC,cormac
624,HISPANIC,cora
1637,HISPANIC,maddox
2225,ASIAN,sharon
1847,HISPANIC,molly
1722,HISPANIC,marvin
2519,AFRICAN,zaiden
2167,HISPANIC,sandra
851,HISPANIC,esty
1367,AFRICAN,kailee
634,ASIAN,cynthia
1523,AFRICAN,legend
23,AFRICAN,aboubacar
1249,HISPANIC,jeremias
1049,HISPANIC,hershy
242,ASIAN,andy
321,HISPANIC,arlo
844,HISPANIC,esteban
1378,AFRICAN,kameron
1381,HISPANIC,karas
1545,HISPANIC,leonel
2541,HISPANIC,zev
1268,ASIAN,joanna
1496,AFRICAN,lamar
745,ASIAN,eileen
2393,HISPANIC,tzvi
1160,AFRICAN,jamal
950,HISPANIC,giada
2119,ASIAN,roy
2478,HISPANIC,yassin
221,HISPANIC,anabelle
60,HISPANIC,ahmad
398,HISPANIC,ayla
2256,HISPANIC,shoshana
1475,AFRICAN,kristian
2356,HISPANIC,thiago
957,HISPANIC,giovanna
1056,HISPANIC,hudson
2147,HISPANIC,salvatore
1939,HISPANIC,noah
2514,HISPANIC,zachary
213,AFRICAN,amiya
2476,HISPANIC,yasmina
821,HISPANIC,emmanuel
190,HISPANIC,ambar
1170,AFRICAN,jamir
880,HISPANIC,faigy
1427,AFRICAN,kelsey
88,HISPANIC,alan
2286,HISPANIC,sofia
1290,HISPANIC,jonas
377,HISPANIC,avital
2086,HISPANIC,riva
1856,HISPANIC,moses
1741,AFRICAN,maurice
1100,ASIAN,ishaan
2085,HISPANIC,rina
439,ASIAN,bonnie
1893,HISPANIC,natalie
850,HISPANIC,estrella
567,HISPANIC,charlie
2428,HISPANIC,vivienne
246,HISPANIC,angel
553,HISPANIC,celine
2474,HISPANIC,yaseen
780,HISPANIC,eliyahu
2103,HISPANIC,roizy
1236,HISPANIC,jeancarlos
2183,ASIAN,sarina
2407,HISPANIC,veronika
180,AFRICAN,amar'e
2235,HISPANIC,shayna
2160,AFRICAN,samiya
174,HISPANIC,amaia
1940,HISPANIC,noam
1415,HISPANIC,kayleigh
1482,AFRICAN,kylee
235,AFRICAN,andre
167,ASIAN,alvin
1509,ASIAN,lawrence
1460,HISPANIC,kimberly
1176,ASIAN,janice
2004,HISPANIC,penelope
269,HISPANIC,anna
42,AFRICAN,aden
374,HISPANIC,avi
2055,ASIAN,rayyan
968,HISPANIC,giuseppe
2165,AFRICAN,sanaa
2116,HISPANIC,rosemary
1594,HISPANIC,lizbeth
1317,AFRICAN,journey
1669,AFRICAN,malachi
1297,HISPANIC,jordi
1921,HISPANIC,nicholas
1235,HISPANIC,jean
1051,HISPANIC,hinda
1473,ASIAN,krish
2526,AFRICAN,zamir
1804,HISPANIC,mika
2449,HISPANIC,wyatt
891,AFRICAN,fatou
2020,HISPANIC,pierce
378,HISPANIC,aviva
2118,HISPANIC,rowan
1922,HISPANIC,nico
1513,HISPANIC,layla
544,AFRICAN,cayden
1563,HISPANIC,libby
2411,HISPANIC,victor
773,ASIAN,elina
341,HISPANIC,ashley
2232,ASIAN,shayan
1907,HISPANIC,nayeli
1033,AFRICAN,heaven
630,HISPANIC,cristopher
407,HISPANIC,baruch
845,HISPANIC,estelle
943,HISPANIC,george
2322,HISPANIC,sydney
2184,AFRICAN,sariyah
267,ASIAN,anjali
1858,HISPANIC,motty
893,HISPANIC,felipe
2142,HISPANIC,sage
458,HISPANIC,brendan
733,HISPANIC,edgar
255,HISPANIC,angelo
277,HISPANIC,anne
1823,HISPANIC,miley
294,HISPANIC,arden
2441,ASIAN,wilson
2088,HISPANIC,rivka
803,HISPANIC,elya
2072,HISPANIC,rhys
475,HISPANIC,brody
406,HISPANIC,barbara
380,HISPANIC,avril
849,HISPANIC,esther
2495,HISPANIC,yitzchak
1491,ASIAN,kyson
507,AFRICAN,cali
1462,AFRICAN,kimora
1528,HISPANIC,leila
234,HISPANIC,anderson
1785,HISPANIC,meshilem
2328,AFRICAN,symphony
161,HISPANIC,alondra
494,AFRICAN,bryson
892,AFRICAN,fatoumata
206,AFRICAN,amir
1869,HISPANIC,mya
2506,ASIAN,yu
1058,HISPANIC,hugo
2293,HISPANIC,sophie
1147,AFRICAN,jaheim
1257,HISPANIC,jesse
788,HISPANIC,elle
599,HISPANIC,christopher
291,HISPANIC,april
67,AFRICAN,aicha
1447,AFRICAN,khadijah
2370,HISPANIC,toba
1086,HISPANIC,isaac
493,HISPANIC,brynn
1119,HISPANIC,izaiah
915,HISPANIC,franklin
2283,HISPANIC,sloane
1656,HISPANIC,maia
1976,HISPANIC,oscar
538,HISPANIC,cassandra
992,ASIAN,hafsa
2239,HISPANIC,shevy
1963,HISPANIC,oliver
1276,HISPANIC,johann
956,HISPANIC,giovani
281,ASIAN,anson
1344,HISPANIC,julius
1068,AFRICAN,ibrahima
12,HISPANIC,abdiel
2209,HISPANIC,selma
2140,ASIAN,safa
1721,HISPANIC,martin
2191,HISPANIC,savannah
1285,ASIAN,jolin
2089,HISPANIC,rivkah
729,HISPANIC,eddy
1341,HISPANIC,julio
1592,HISPANIC,livia
2015,HISPANIC,philip
2389,HISPANIC,tzipora
1633,HISPANIC,lyla
1231,HISPANIC,jazlyn
1035,HISPANIC,hector
2515,AFRICAN,zahara
685,HISPANIC,denzel
899,HISPANIC,filip
1813,HISPANIC,milagros
194,HISPANIC,amberly
2121,HISPANIC,royce
1671,AFRICAN,malaysia
1716,AFRICAN,marley
881,AFRICAN,faith
2059,HISPANIC,rebecca
690,AFRICAN,derrick
334,HISPANIC,arye
521,AFRICAN,camren
2500,HISPANIC,yonah
2397,HISPANIC,valentina
1618,HISPANIC,lucien
1326,HISPANIC,jude
437,HISPANIC,blimy
825,HISPANIC,enzo
1840,ASIAN,mohammad
1373,AFRICAN,kaleb
1233,HISPANIC,jazmine
831,HISPANIC,erick
1961,HISPANIC,olive
1751,HISPANIC,maximus
1325,HISPANIC,judah
1616,HISPANIC,lucian
379,HISPANIC,avraham
2060,HISPANIC,reed
2475,HISPANIC,yasmin
541,HISPANIC,catalina
2489,HISPANIC,yidel
422,HISPANIC,bennett
550,HISPANIC,celeste
435,AFRICAN,blessing
1715,HISPANIC,mark
474,HISPANIC,brittany
1409,HISPANIC,kayla
1814,AFRICAN,milan
1930,HISPANIC,nikita
2194,HISPANIC,scarlet
1211,HISPANIC,jaycob
2005,HISPANIC,perel
758,HISPANIC,eliam
8,ASIAN,aaryan
1768,HISPANIC,meir
1697,HISPANIC,margaux
122,HISPANIC,alexandra
401,ASIAN,azaan
717,HISPANIC,dovid
1631,ASIAN,lydia
2222,HISPANIC,shane
2106,HISPANIC,roman
1354,ASIAN,kabir
1186,AFRICAN,jasiah
2081,HISPANIC,rihanna
2070,HISPANIC,reuben
1079,HISPANIC,ingrid
2133,HISPANIC,ryder
1664,AFRICAN,makayla
399,HISPANIC,ayleen
1027,ASIAN,hayden
418,HISPANIC,ben
1391,HISPANIC,kassandra
1177,HISPANIC,janiel
2542,AFRICAN,zion
1416,HISPANIC,kaylie
664,HISPANIC,daphne
763,HISPANIC,elianna
421,HISPANIC,benjamin
1323,HISPANIC,juan
1311,HISPANIC,joshua
1502,HISPANIC,larry
2464,HISPANIC,yakov
63,HISPANIC,ahmed
1182,HISPANIC,januel
586,HISPANIC,chloe
141,AFRICAN,alijah
1917,AFRICAN,nia
162,HISPANIC,alonso
2249,HISPANIC,shloma
1832,HISPANIC,miranda
1896,HISPANIC,nathalia
2319,HISPANIC,sury
559,AFRICAN,chance
385,HISPANIC,aya
1376,AFRICAN,kaliyah
2327,HISPANIC,sylvie
2295,HISPANIC,spencer
1803,HISPANIC,miguel
1731,HISPANIC,mateo
2434,HISPANIC,wesley
2371,HISPANIC,toby
1340,HISPANIC,juliette
83,ASIAN,aizah
2101,ASIAN,rohan
2525,HISPANIC,zalmen
184,AFRICAN,amari
1549,HISPANIC,leslie
1426,HISPANIC,kelly
2456,ASIAN,xin
1042,HISPANIC,henny
787,HISPANIC,ella
2206,HISPANIC,selena
628,HISPANIC,cristina
2047,HISPANIC,randy
434,HISPANIC,blake
172,HISPANIC,alyssa
1554,HISPANIC,leyla
1759,HISPANIC,mayson
2313,ASIAN,sulaiman
1217,AFRICAN,jayla
1349,AFRICAN,justice
897,HISPANIC,fernando
532,HISPANIC,caroline
2065,AFRICAN,reign
648,HISPANIC,damian
320,HISPANIC,arlette
1246,ASIAN,jenny
328,HISPANIC,arthur
1420,HISPANIC,keila
2492,HISPANIC,yisroel
832,HISPANIC,erik
986,HISPANIC,griffin
784,HISPANIC,elizabeth
85,HISPANIC,alaia
451,HISPANIC,brayan
1998,HISPANIC,paul
1833,HISPANIC,mirel
1682,HISPANIC,malky
351,HISPANIC,atticus
2122,HISPANIC,ruben
1690,HISPANIC,marcelo
743,HISPANIC,efraim
1453,ASIAN,kian
253,HISPANIC,angeline
425,HISPANIC,benzion
1222,AFRICAN,jaylen
417,HISPANIC,bella
441,AFRICAN,boubacar
794,HISPANIC,ellis
1830,AFRICAN,miracle
703,HISPANIC,diego
1824,HISPANIC,milo
129,ASIAN,alfred
232,ASIAN,anayah
2343,HISPANIC,teagan
2062,HISPANIC,reese
1762,ASIAN,md
137,HISPANIC,alice
158,HISPANIC,allison
1977,HISPANIC,otis
2067,HISPANIC,rena
654,HISPANIC,daniel
661,HISPANIC,danny
149,HISPANIC,alisson
1595,HISPANIC,lizeth
2363,ASIAN,tiffany
1944,HISPANIC,noemi
1272,HISPANIC,jocelyn
2276,AFRICAN,skylah
533,ASIAN,carson
123,AFRICAN,alexandria
1681,HISPANIC,malka
1008,HISPANIC,hannah
2048,HISPANIC,raphael
2416,ASIAN,vihaan
1534,HISPANIC,lenny
2312,ASIAN,subhan
163,AFRICAN,alpha
316,AFRICAN,arielle
884,AFRICAN,fanta
1039,HISPANIC,helen
488,HISPANIC,bryan
2432,HISPANIC,wendy
1050,HISPANIC,hillel
1735,HISPANIC,matilda
503,HISPANIC,caitlin
643,HISPANIC,dalia
0,ASIAN,aahil
698,AFRICAN,devon
2258,ASIAN,shreya
373,HISPANIC,avery
1061,HISPANIC,hunter
867,HISPANIC,evelyn
1883,HISPANIC,nancy
1252,HISPANIC,jeremy
1757,HISPANIC,maya
2002,HISPANIC,pedro
26,ASIAN,abrar
2507,ASIAN,yuna
287,HISPANIC,antonia
215,HISPANIC,amrom
610,HISPANIC,cleo
1843,ASIAN,mohammed
1702,AFRICAN,mariam
1887,HISPANIC,nashla
2447,HISPANIC,wolf
2405,HISPANIC,vera
256,HISPANIC,angely
686,HISPANIC,dereck
2197,HISPANIC,scarlett
1260,HISPANIC,jessica
423,ASIAN,benson
1644,HISPANIC,madina
140,HISPANIC,alicia
412,HISPANIC,beatrix
100,HISPANIC,aleah
2472,HISPANIC,yariel
2204,AFRICAN,sekou
2463,HISPANIC,yair
2539,HISPANIC,zelda
2007,HISPANIC,perl
658,HISPANIC,danielle
682,HISPANIC,denise
1530,HISPANIC,leilani
2149,ASIAN,samaira
1495,HISPANIC,laith
2203,HISPANIC,sebastian
2301,HISPANIC,stella
618,ASIAN,connie
2349,ASIAN,terry
712,HISPANIC,dominick
2318,HISPANIC,suri
2537,ASIAN,zayn
799,HISPANIC,eluzer
1708,HISPANIC,marilyn
1766,HISPANIC,megan
2084,HISPANIC,riley
2435,HISPANIC,weston
1069,HISPANIC,idy
2424,HISPANIC,virginia
402,AFRICAN,azaria
2064,HISPANIC,reid
982,HISPANIC,gregory
2282,HISPANIC,skyler
1760,AFRICAN,mckenzie
386,ASIAN,ayaan
1253,AFRICAN,jermaine
1101,AFRICAN,ishmael
2009,HISPANIC,perry
2109,HISPANIC,ronald
1689,HISPANIC,marcel
571,AFRICAN,chase
2045,HISPANIC,raizel
683,HISPANIC,denisse
2006,HISPANIC,peretz
2479,HISPANIC,yechezkel
1293,HISPANIC,jonathan
932,ASIAN,gary
1227,HISPANIC,jaylyn
1615,HISPANIC,lucia
2553,AFRICAN,zyaire
716,HISPANIC,dov
530,HISPANIC,carolina
2287,HISPANIC,solomon
1016,HISPANIC,harper
1021,HISPANIC,harvey
2486,HISPANIC,yesenia
2533,AFRICAN,zariah
1261,ASIAN,jessie
2164,HISPANIC,samuel
720,HISPANIC,duvid
570,HISPANIC,charlotte
2351,HISPANIC,tessa
779,HISPANIC,elisheva
2244,HISPANIC,shira
1465,ASIAN,kingsley
1599,HISPANIC,lola
1514,HISPANIC,lazer
1478,AFRICAN,kyla
970,HISPANIC,goldie
2161,AFRICAN,samiyah
2467,HISPANIC,yandel
2259,HISPANIC,shulem
1648,AFRICAN,madisyn
524,HISPANIC,carlos
710,HISPANIC,dominic
2402,HISPANIC,valery
946,HISPANIC,gerard
1590,HISPANIC,liv
862,HISPANIC,evan
2426,HISPANIC,vivian
2296,HISPANIC,stacey
919,HISPANIC,freya
1379,HISPANIC,kamila
1036,HISPANIC,heidi
2345,ASIAN,tenzin
2353,HISPANIC,theo
1209,AFRICAN,jayceon
2547,HISPANIC,zoe
19,HISPANIC,abel
300,HISPANIC,aria
1834,HISPANIC,miri
554,HISPANIC,cesar
2192,AFRICAN,savion
93,HISPANIC,alanis
2339,HISPANIC,tatiana
1540,HISPANIC,leon
175,HISPANIC,amalia
2187,HISPANIC,saul
1970,AFRICAN,omari
2305,HISPANIC,stephany
142,ASIAN,alina
360,HISPANIC,august
1574,HISPANIC,lilly
1542,HISPANIC,leonard
2308,HISPANIC,steve
1401,ASIAN,katie
1566,HISPANIC,lilah
1418,HISPANIC,kaylin
1525,HISPANIC,leibish
2171,HISPANIC,santino
1386,ASIAN,karina
1368,HISPANIC,kailey
1364,HISPANIC,kaia
36,HISPANIC,addison
2323,ASIAN,syed
2362,AFRICAN,tianna
1396,HISPANIC,katelynn
967,HISPANIC,giuliana
1012,HISPANIC,harlow
1072,HISPANIC,ilana
1827,HISPANIC,mindy
1458,HISPANIC,kieran
1136,AFRICAN,jada
2385,AFRICAN,troy
940,HISPANIC,genevieve
1848,HISPANIC,monica
2429,HISPANIC,walker
1860,AFRICAN,moussa
1356,AFRICAN,kaden
1588,ASIAN,lisa
1120,AFRICAN,jabari
2063,ASIAN,rehan
473,HISPANIC,britney
2110,HISPANIC,ronaldo
612,ASIAN,cody
2186,HISPANIC,sasha
1780,HISPANIC,menachem
792,HISPANIC,elliot
467,HISPANIC,brianny
1075,HISPANIC,imran
1301,HISPANIC,jose
1541,HISPANIC,leona
1020,HISPANIC,harry
333,ASIAN,aryan
1179,AFRICAN,janiyah
181,AFRICAN,amara
2462,HISPANIC,yahya
2375,HISPANIC,tova
627,HISPANIC,cristian
46,HISPANIC,adina
749,HISPANIC,elan
674,HISPANIC,david
1281,HISPANIC,johnathan
125,HISPANIC,alexia
1855,HISPANIC,morris
856,ASIAN,eunice
428,HISPANIC,bethany
876,HISPANIC,ezra
2216,HISPANIC,seth
887,HISPANIC,farida
1853,AFRICAN,morgan
1971,HISPANIC,oren
2298,ASIAN,stanley
280,ASIAN,annika
525,HISPANIC,carly
800,HISPANIC,elvin
1335,HISPANIC,juliana
2338,ASIAN,tasnim
1797,HISPANIC,michael
1264,ASIAN,jia
1132,HISPANIC,jacob
1237,HISPANIC,jefferson
1228,HISPANIC,jayren
230,ASIAN,anaya
2480,HISPANIC,yechiel
30,HISPANIC,ada
762,HISPANIC,eliana
2333,HISPANIC,tamar
205,AFRICAN,aminata
522,ASIAN,carina
972,ASIAN,gordon
463,HISPANIC,briana
1348,HISPANIC,juniper
537,HISPANIC,casey
1932,HISPANIC,nikolas
1748,HISPANIC,maximiliano
80,AFRICAN,aissata
301,AFRICAN,ariah
2419,HISPANIC,vincenzo
1544,HISPANIC,leonardo
1452,HISPANIC,khloe
2501,HISPANIC,yonatan
496,HISPANIC,byron
2032,AFRICAN,princess
353,HISPANIC,aubree
947,HISPANIC,gerardo
2253,HISPANIC,shmuel
2528,AFRICAN,zaniyah
757,HISPANIC,eli
1501,HISPANIC,lara
1865,ASIAN,musa
179,AFRICAN,amani
901,HISPANIC,finn
778,HISPANIC,elise
1629,HISPANIC,luna
2267,HISPANIC,simi
715,ASIAN,doris
2269,HISPANIC,simon
975,HISPANIC,grace
265,AFRICAN,aniyah
523,HISPANIC,carla
1,AFRICAN,aaliyah
305,HISPANIC,ariana
963,HISPANIC,giselle
1306,HISPANIC,joseph
459,AFRICAN,bria
1476,HISPANIC,kristina
818,HISPANIC,emma
411,HISPANIC,beatrice
1456,HISPANIC,kiara
472,HISPANIC,brigitte
1161,AFRICAN,jamar
2236,HISPANIC,shea
2112,HISPANIC,rory
719,HISPANIC,dulce
2188,HISPANIC,savanna
1817,AFRICAN,milani
1717,HISPANIC,marlon
396,HISPANIC,ayelet
907,HISPANIC,fraidy
2145,HISPANIC,salma
609,HISPANIC,clementine
1167,HISPANIC,jameson
2135,HISPANIC,sabina
2457,HISPANIC,yaakov
1851,HISPANIC,mordche
147,HISPANIC,alison
2226,HISPANIC,shaul
2156,HISPANIC,sami
2423,HISPANIC,violeta
1734,HISPANIC,matias
214,AFRICAN,amiyah
92,HISPANIC,alani
201,AFRICAN,amia
772,HISPANIC,elimelech
689,HISPANIC,derick
382,HISPANIC,avrum
511,AFRICAN,camden
566,HISPANIC,charles
1047,HISPANIC,hersh
259,ASIAN,angus
1857,HISPANIC,moshe
767,HISPANIC,eliel
1634,AFRICAN,lyric
2355,HISPANIC,theodore
1001,HISPANIC,hana
84,HISPANIC,akiva
1799,HISPANIC,michal
1334,HISPANIC,julian
227,HISPANIC,anas
2444,ASIAN,winston
1729,HISPANIC,mason
759,HISPANIC,elian
1153,HISPANIC,jair
2102,HISPANIC,roiza
1388,HISPANIC,karla
2274,AFRICAN,skyla
2369,ASIAN,tina
308,HISPANIC,arianna
805,AFRICAN,emani
914,HISPANIC,frank
678,AFRICAN,deborah
2534,ASIAN,zayan
1774,HISPANIC,melina
1439,HISPANIC,kenny
1928,AFRICAN,nigel
90,HISPANIC,alana
502,AFRICAN,cairo
2336,ASIAN,tanisha
964,HISPANIC,gittel
574,HISPANIC,chava
70,HISPANIC,aidan
2263,HISPANIC,sienna
656,HISPANIC,daniella
1809,HISPANIC,mike
146,ASIAN,alisha
1886,HISPANIC,naomi
2518,ASIAN,zahra
1144,HISPANIC,jael
135,HISPANIC,aliah
1382,AFRICAN,kareem
1029,HISPANIC,haylee
1957,AFRICAN,nyla
2017,HISPANIC,phoebe
1577,HISPANIC,lily
768,HISPANIC,eliezer
1624,HISPANIC,lukas
468,HISPANIC,bridget
312,HISPANIC,ariel
1469,HISPANIC,kira
2219,HISPANIC,shaindy
39,HISPANIC,adelina
1712,HISPANIC,marjorie
804,ASIAN,emaan
1178,AFRICAN,janiya
1400,HISPANIC,kathryn
2134,AFRICAN,rylee
1173,HISPANIC,jane
2380,AFRICAN,trinity
346,AFRICAN,asia
2210,ASIAN,serena
1876,HISPANIC,nadia
1519,HISPANIC,leandro
1461,ASIAN,kimi
1872,ASIAN,myra
912,HISPANIC,francisco
1437,HISPANIC,kenneth
2051,ASIAN,rayan
2025,HISPANIC,poppy
2455,HISPANIC,ximena
2037,ASIAN,queenie
1649,HISPANIC,mae
987,HISPANIC,guadalupe
2050,HISPANIC,raul
1181,ASIAN,jannatul
1270,HISPANIC,joaquin
3,ASIAN,aarav
183,AFRICAN,amare
1916,HISPANIC,neymar
1584,HISPANIC,lindsay
1157,AFRICAN,jalen
1500,HISPANIC,landon
1221,HISPANIC,jayleen
1331,HISPANIC,julia
1598,HISPANIC,logan
895,HISPANIC,felix
1754,HISPANIC,maxwell
601,ASIAN,cindy
1711,HISPANIC,marisol
988,HISPANIC,gustavo
2461,HISPANIC,yahir
237,HISPANIC,andrea
965,HISPANIC,gitty
2166,AFRICAN,sanai
2509,HISPANIC,yusuf
506,HISPANIC,caleb
14,AFRICAN,abdoulaye
2240,HISPANIC,shia
1522,ASIAN,leela
885,HISPANIC,farah
1139,HISPANIC,jade
178,HISPANIC,amanda
2359,HISPANIC,thomas
1954,AFRICAN,nova
2491,HISPANIC,yisrael
330,ASIAN,arvin
2078,ASIAN,ricky
1929,ASIAN,nikhil
1935,HISPANIC,noa
694,HISPANIC,destiny
1870,AFRICAN,myles
370,HISPANIC,ava
2177,HISPANIC,sarahi
2490,HISPANIC,yides
1951,HISPANIC,nora
2265,HISPANIC,sima
2234,HISPANIC,shayla
822,HISPANIC,emmeline
649,HISPANIC,damien
830,ASIAN,erica
616,HISPANIC,colin
775,HISPANIC,elisa
1457,HISPANIC,kiera
6,HISPANIC,aaron
1339,HISPANIC,juliet
424,HISPANIC,bentzion
1658,HISPANIC,maisie
1643,HISPANIC,madelyn
430,AFRICAN,bintou
110,HISPANIC,alessia
2179,HISPANIC,sarai
2115,HISPANIC,roselyn
1650,HISPANIC,maeve
1397,HISPANIC,katerina
2317,ASIAN,sunny
1162,AFRICAN,jamari
1011,HISPANIC,harley
2131,HISPANIC,ryan
1346,HISPANIC,june
2335,AFRICAN,tamia
1812,HISPANIC,mila
1781,HISPANIC,menashe
631,HISPANIC,crosby
1393,HISPANIC,kate
1380,AFRICAN,kamiyah
2392,HISPANIC,tzivia
1112,HISPANIC,itzel
874,HISPANIC,ezequiel
886,ASIAN,farhan
1924,HISPANIC,nicolas
1674,AFRICAN,malia
870,HISPANIC,evie
646,AFRICAN,damari
1733,HISPANIC,mathias
647,HISPANIC,damaris
2367,HISPANIC,timothy
2061,HISPANIC,reem
2496,HISPANIC,yitzchok
34,HISPANIC,adan
447,HISPANIC,brady
278,ASIAN,annie
1686,HISPANIC,manuel
